1746693384,0,0.0,0.000000
1746695010,1,22710.0,1111.121517
1746695396,2,22890.0,1256.303388
1746695790,3,22890.0,1480.741473
1746696177,4,25556.0,1679.032142
1746696560,5,29317.0,1832.630709
1746696840,6,29317.0,1906.624928
1746697174,7,29317.0,1969.617181
1746697532,8,29317.0,1969.617181
1746697866,9,29317.0,1969.617181
1746698216,10,29317.0,1969.617181
Need to update! Before update: Max Novel = 29317.0000 | Max MMD = 1969.617181
Complete update! After update: Max Novel = 12593.0000 | Max MMD = 763.478637
1746700652,11,13599.0,958.353143
1746701473,12,13691.0,958.353143
1746702295,13,13691.0,1258.562108
1746703156,14,13691.0,1258.562108
1746704005,15,13691.0,1258.562108
1746704838,16,13813.0,1258.562108
Need to update! Before update: Max Novel = 13813.0000 | Max MMD = 1258.562108
Complete update! After update: Max Novel = 3613.0000 | Max MMD = 1351.328056
1746707158,17,3613.0,1583.872669
1746707975,18,3830.0,1604.516314
1746708798,19,3830.0,1663.703542
1746709636,20,3837.0,1663.703542
1746710522,21,4246.0,1663.703542
1746711356,22,4246.0,1698.493370
1746712173,23,4246.0,1926.072956
Need to update! Before update: Max Novel = 4246.0000 | Max MMD = 1926.072956
Complete update! After update: Max Novel = 1934.0000 | Max MMD = 2360.874940
1746714661,24,1934.0,2479.037551
1746715488,25,1934.0,2509.401898
1746716348,26,1934.0,2735.682714
1746717133,27,1934.0,2766.794313
1746717941,28,1934.0,2766.794313
Need to update! Before update: Max Novel = 1934.0000 | Max MMD = 2766.794313
Complete update! After update: Max Novel = 1090.0000 | Max MMD = 2853.219051
1746720280,29,2111.0,2914.296271
1746721088,30,2111.0,2914.296271
1746721983,31,2111.0,2993.726328
1746722793,32,2111.0,3113.326150
1746723633,33,2111.0,3218.945500
1746724429,34,2111.0,3300.027209
Need to update! Before update: Max Novel = 2111.0000 | Max MMD = 3300.027209
Complete update! After update: Max Novel = 999.0000 | Max MMD = 2969.622814
1746726898,35,1016.0,3042.060355
1746727717,36,1239.0,3220.389656
1746728527,37,1239.0,3220.389656
1746729418,38,1239.0,3220.389656
1746730212,39,1239.0,3250.824640
1746731023,40,1290.0,3374.510280
1746731875,41,1349.0,3374.510280
1746732701,42,1349.0,3476.384952
1746733596,43,1349.0,3490.537268
1746734389,44,1349.0,3634.476214
1746735216,45,1349.0,3634.476214
Need to update! Before update: Max Novel = 1349.0000 | Max MMD = 3634.476214
Complete update! After update: Max Novel = 1019.0000 | Max MMD = 4490.786772
1746737669,46,1019.0,4490.786772
1746738493,47,1019.0,4490.786772
1746739283,48,1019.0,4521.672030
1746740104,49,1019.0,4521.672030
1746740919,50,1019.0,4633.752380
Need to update! Before update: Max Novel = 1019.0000 | Max MMD = 4633.752380
Complete update! After update: Max Novel = 641.0000 | Max MMD = 4948.598262
1746743414,51,2554.0,4948.598262
1746744225,52,2554.0,4948.598262
1746745009,53,2560.0,4948.598262
1746745873,54,2560.0,4948.598262
1746746714,55,2560.0,4948.598262
Need to update! Before update: Max Novel = 2560.0000 | Max MMD = 4948.598262
Complete update! After update: Max Novel = 1595.0000 | Max MMD = 4240.312512
1746749086,56,1595.0,4275.002821
1746749885,57,1597.0,4275.002821
1746750693,58,1597.0,4359.308468
1746751388,59,1597.0,4388.849055
1746752116,60,1602.0,4388.849055
Need to update! Before update: Max Novel = 1602.0000 | Max MMD = 4388.849055
Complete update! After update: Max Novel = 1939.0000 | Max MMD = 4771.178575
1746754016,61,2309.0,5086.442261
1746754693,62,2309.0,5086.442261
1746755532,63,2312.0,5086.442261
1746756450,64,2312.0,5086.442261
1746757217,65,2312.0,5086.442261
1746757981,66,2312.0,5086.442261
Need to update! Before update: Max Novel = 2312.0000 | Max MMD = 5086.442261
Complete update! After update: Max Novel = 1277.0000 | Max MMD = 4751.673465
